Roll No.,Student ID,Name,Pathology Aggregate,Microbiology Aggregate,Pharmacology Aggregate,Forensic Medicine Aggregate,Total
2001012002,KGMB170143,Pragati Jain,118.0,109.0,122.0,72.0,421.0
2001012006,KGMB170196,Shruti Gautam,117.0,104.0,104.0,62.0,387.0
2001012001,KGMB170233,Vishal Singh,90.0,84.0,88.0,58.0,320.0
2001012004,KGMB170060,Bhuwaneshwar Nayak,105.0,90.0,105.0,61.0,361.0
2001012003,KGMB170236,Yashvardhan Singh,115.0,113.0,111.0,65.0,404.0
2001012005,KGMB170036,Ankit Saini,97.0,91.0,94.0,62.0,344.0
2001012008,KGMB170014,Ajay Pratap,111.0,85.0,95.0,54.0,345.0
2001012007,KGMB170027,Aman Maurya,106.0,94.0,97.0,61.0,358.0
2001012011,KGMB170213,Tabish Abbasi,115.0,113.0,112.0,65.0,405.0
2001012013,KGMB170148,Pooja Saroj,107.0,105.0,110.0,68.0,390.0
2001012009,KGMB170239,Monish Ali,117.0,104.0,111.0,63.0,395.0
2001012016,KGMB170234,Vivekanand Jha,114.0,103.0,112.0,64.0,393.0
2001012014,KGMB170165,Khushhal Jindal,122.0,114.0,113.0,68.0,417.0
2001012012,KGMB170137,Romit Rana,105.0,93.0,102.0,58.0,358.0
2001012010,KGMB170009,Abhishek Kumar Singh,121.0,118.0,116.0,70.0,425.0
2001012015,KGMB170004,Abhishek Gupta,112.0,95.0,91.0,59.0,357.0
2001012017,KGMB170209,Sunidhi Tiwari,110.0,100.0,110.0,63.0,383.0
2001012019,KGMB170028,Amar Kumar Sharma,97.0,80.0,89.0,53.0,319.0
2001012023,KGMB170135,Rohma Qamar,114.0,106.0,110.0,67.0,397.0
2001012020,KGMB170034,Anjali Singhal,123.0,117.0,126.0,70.0,436.0
2001012022,KGMB170127,Ritik Rastogi,101.0,93.0,90.0,60.0,344.0
2001012025,KGMB170016,Akanksha Gupta,121.0,104.0,110.0,68.0,403.0
2001012026,KGMB170181,Mohd Rehan Raza,109.0,90.0,94.0,64.0,357.0
2001012027,KGMB170054,Astha Gupta,111.0,106.0,108.0,73.0,398.0
2001012028,KGMB170084,Hardeep Singh Rana,100.0,93.0,90.0,58.0,341.0
2001012029,KGMB170231,Vishal Lodhi,97.0,80.0,89.0,56.0,322.0
2001012018,KGMB170166,Kirti Shekhar Soni,102.0,89.0,92.0,57.0,340.0
2001012024,KGMB170205,Sparsh Kesarwani,111.0,97.0,109.0,64.0,381.0
2001012030,KGMB170229,Vishal Dwivedi,103.0,93.0,91.0,62.0,349.0
2001012032,KGMB170176,Mo Taukir Anwar,110.0,96.0,101.0,71.0,378.0
2001012035,KGMB170024,Aman Diwakar,110.0,103.0,107.0,68.0,388.0
2001012037,KGMB170141,Prajeeta Kulshrestha,115.0,105.0,101.0,70.0,391.0
2001012038,KGMB170089,Indal Kumar Rao,93.0,77.0,79.0,58.0,307.0
2001012039,KGMB170218,Umang Sharma,112.0,107.0,111.0,69.0,399.0
2001012041,KGMB170070,Dheeraj Maurya,101.0,92.0,100.0,67.0,360.0
2001012043,KGMB170128,Rituparna,101.0,86.0,94.0,63.0,344.0
2001012044,KGMB170167,Kumar Shubham,113.0,99.0,112.0,71.0,395.0
2001012021,KGMB170048,Arpan Singh,103.0,99.0,98.0,57.0,357.0
2001012047,KGMB170201,Shweta Singh,117.0,113.0,109.0,69.0,408.0
2001012049,KGMB170076,Divyansh Agarwal,117.0,102.0,96.0,67.0,382.0
2001012051,KGMB170124,Rajwant Singh Gautam,118.0,99.0,104.0,65.0,386.0
2001012052,KGMB170018,Akansh Shaiwal,103.0,89.0,102.0,62.0,356.0
2001012031,KGMB170083,Hamza Ghazali Khan,119.0,118.0,107.0,72.0,416.0
2001012036,KGMB170007,Abhishek Kumar,104.0,92.0,110.0,55.0,361.0
2001012056,KGMB150012,Ahtsham Ali,71.0,46.0,58.0,0,175.0
2001012042,KGMB170072,Dhruv Pandey,104.0,105.0,111.0,67.0,387.0
2001012058,KGMB170116,Prashant Singh,102.0,88.0,96.0,58.0,344.0
2001012060,KGMB170096,Jyotsna Raj,113.0,95.0,105.0,63.0,376.0
2001012061,KGMB170059,Bhumika Singh,117.0,104.0,105.0,61.0,387.0
2001012050,KGMB170081,Guneet Kaur,119.0,105.0,114.0,72.0,410.0
2001012048,KGMB170190,Neha Gupta,117.0,96.0,94.0,64.0,371.0
2001012062,KGMB170109,Shivam Mittal,111.0,98.0,103.0,59.0,371.0
2001012045,KGMB170080,Ghulam Hasan,101.0,78.0,93.0,58.0,330.0
2001012063,KGMB170208,Sumit Pandey,113.0,94.0,98.0,61.0,366.0
2001012064,KGMB170150,Peeyusha Chauhan,118.0,107.0,107.0,71.0,403.0
2001012066,KGMB170214,Tanmay Gupta,105.0,100.0,108.0,62.0,375.0
2001012054,KGMB170108,Shivam Kumar Gautam,115.0,92.0,111.0,68.0,386.0
2001012067,KGMB170152,Parth Nigam,106.0,91.0,95.0,59.0,351.0
2001012068,KGMB170136,Rohit Yadav,94.0,82.0,83.0,57.0,316.0
2001012057,KGMB170085,Harsh Bhatt,109.0,90.0,96.0,63.0,358.0
2001012069,KGMB170074,Divya Atri,115.0,98.0,108.0,67.0,388.0
2001012070,KGMB170171,Mahvish Ahmad,120.0,121.0,121.0,73.0,435.0
2001012072,KGMB170145,Prachi Singh,106.0,94.0,93.0,59.0,352.0
2001012073,KGMB170063,Deepak Bansal,121.0,119.0,110.0,70.0,420.0
2001012059,KGMB170043,Anwita Anand,108.0,97.0,104.0,64.0,373.0
2001012077,KGMB170172,Mamta Chandra,118.0,105.0,107.0,63.0,393.0
2001012082,KGMB170162,Kanika Suman,120.0,109.0,112.0,66.0,407.0
2001012083,KGMB170045,Archit Jain,109.0,111.0,108.0,64.0,392.0
2001012084,KGMB170102,Shailja Gupta,116.0,115.0,107.0,71.0,409.0
2001012081,KGMB170222,Varshika Varshney,115.0,112.0,109.0,67.0,403.0
2001012085,KGMB170013,Ahmar Ali Khan,110.0,108.0,109.0,70.0,397.0
2001012086,KGMB160237,Veer Vikram Singh,93.0,75.0,83.0,56.0,307.0
2001012065,KGMB170061,Charu Lata,113.0,114.0,111.0,69.0,407.0
2001012087,KGMB170087,Harshit Kumar,103.0,87.0,91.0,58.0,339.0
2001012088,KGMB170230,Vishal Gupta,107.0,90.0,93.0,55.0,345.0
2001012074,KGMB170242,Heena Parveen,107.0,105.0,100.0,59.0,371.0
2001012075,KGMB170147,Prabha Yadav,116.0,105.0,110.0,64.0,395.0
2001012071,KGMB170212,Swati Singh,120.0,110.0,112.0,68.0,410.0
2001012089,KGMB170184,Naushad Ali,120.0,105.0,107.0,69.0,401.0
2001012090,KGMB170015,Ajay Pratap Singh,106.0,98.0,93.0,59.0,356.0
2001012091,KGMB170001,Aashi Varshney,112.0,111.0,111.0,67.0,401.0
2001012078,KGMB170082,Haleema Ather,118.0,111.0,112.0,69.0,410.0
2001012093,KGMB170073,Dileep Kumar,89.0,79.0,80.0,47.0,295.0
2001012094,KGMB170226,Vikas Yadav,108.0,101.0,98.0,65.0,372.0
2001012092,KGMB170197,Shubham Gupta,113.0,103.0,104.0,65.0,385.0
2001012095,KGMB170029,Amit Kakrotia,102.0,95.0,95.0,56.0,348.0
2001012098,KGMB170142,Pragati Rai,120.0,103.0,107.0,64.0,394.0
2001012097,KGMB170104,Shankar,108.0,102.0,106.0,62.0,378.0
2001012099,KGMB170187,Neeladri Nath,103.0,98.0,94.0,62.0,357.0
2001012101,KGMB170101,Shagun Jaiswal,119.0,111.0,108.0,69.0,407.0
2001012102,KGMB170235,Yashaswi Kashyap,112.0,97.0,106.0,67.0,382.0
2001012096,KGMB170069,Devesh Prasad,114.0,106.0,114.0,69.0,403.0
2001012106,KGMB170130,Rohan Gupta,101.0,98.0,100.0,65.0,364.0
2001012107,KGMB170132,Rohini Rajpal,116.0,115.0,105.0,68.0,404.0
2001012112,KGMB170107,Shiny Bhasin,112.0,107.0,109.0,70.0,398.0
2001012114,KGMB170008,Abhishek Kumar Singh,104.0,91.0,100.0,61.0,356.0
2001012117,KGMB170040,Anurag Kumar,105.0,102.0,101.0,62.0,370.0
2001012119,KGMB170186,Navneet Kumar,115.0,115.0,115.0,67.0,412.0
2001012116,KGMB170077,Gaurang Gautam,108.0,105.0,108.0,67.0,388.0
2001012120,KGMB170097,Saurabh Agrawal,105.0,93.0,101.0,64.0,363.0
2001012121,KGMB170065,Deepika Singh,117.0,103.0,109.0,67.0,396.0
2001012118,KGMB170031,Anchal Jain,110.0,108.0,107.0,69.0,394.0
2001012122,KGMB170170,Madhavan Aggrawal,104.0,96.0,103.0,60.0,363.0
2001012105,KGMB170129,Robin Singh,107.0,96.0,91.0,60.0,354.0
2001012123,KGMB170215,Tarun Sharma,103.0,95.0,106.0,61.0,365.0
2001012108,KGMB170192,Neha Singhal,114.0,107.0,113.0,70.0,404.0
2001012109,KGMB170100,Saurabh Upadhyay,104.0,100.0,109.0,64.0,377.0
2001012113,KGMB170090,Indraneel Saha,112.0,109.0,111.0,70.0,402.0
2001012124,KGMB170095,Km Jyoti Yadav,104.0,97.0,101.0,60.0,362.0
2001012126,KGMB170103,Shailly Gupta,110.0,107.0,110.0,65.0,392.0
2001012128,KGMB170122,Rahul Yadav,111.0,94.0,99.0,58.0,362.0
2001012131,KGMB170032,Animesh Taraiya,115.0,101.0,112.0,58.0,386.0
2001012132,KGMB170088,Himanshi Singh,114.0,101.0,117.0,65.0,397.0
2001012133,KGMB170118,Pratiksha Verma,116.0,112.0,111.0,67.0,406.0
2001012134,KGMB170071,Dheeraj Sharma,114.0,109.0,114.0,67.0,404.0
2001012129,KGMB170052,Ashish Sharma,119.0,121.0,118.0,72.0,430.0
2001012130,KGMB170202,Shyam Bahadur Yadav,102.0,85.0,102.0,57.0,346.0
2001012136,KGMB170017,Akanksha Kumari,107.0,96.0,96.0,63.0,362.0
2001012137,KGMB170211,Suresh Chandra Singh,111.0,93.0,99.0,62.0,365.0
2001012138,KGMB170120,Priya Rani Chauhan,95.0,66.0,80.0,56.0,297.0
2001012139,KGMB170056,Ayush Shukla,111.0,96.0,100.0,62.0,369.0
2001012140,KGMB170228,Virendra Kumar,110.0,99.0,104.0,63.0,376.0
2001012111,KGMB170131,Rohan Singh,115.0,107.0,104.0,64.0,390.0
2001012125,KGMB170238,Himani Gautam,111.0,94.0,110.0,67.0,382.0
2001012135,KGMB170160,Nikhil Verma,106.0,107.0,111.0,65.0,389.0
2001012146,KGMB170002,Aayushi Sirohi,106.0,87.0,99.0,57.0,349.0
2001012127,KGMB170225,Vikas Verma,109.0,99.0,108.0,61.0,377.0
2001012144,KGMB170093,Ishita Paliwal,112.0,95.0,110.0,62.0,379.0
2001012149,KGMB170151,Pavan Diwakar,108.0,106.0,113.0,64.0,391.0
2001012152,KGMB170030,Anamika Gupta,118.0,106.0,114.0,69.0,407.0
2001012153,KGMB170159,Nimish Deovra,111.0,103.0,106.0,68.0,388.0
2001012154,KGMB170156,Nivedita Sharma,119.0,108.0,117.0,71.0,415.0
2001012156,KGMB170010,Abhishek Suryavanshi,104.0,89.0,99.0,68.0,360.0
2001012150,KGMB170220,Utkarshini,105.0,99.0,107.0,67.0,378.0
2001012143,KGMB170025,Aman Gupta,107.0,100.0,107.0,67.0,381.0
2001012161,KGMB170194,Niharika Tiwari,105.0,92.0,104.0,64.0,365.0
2001012160,KGMB170033,Anjali Bansal,100.0,88.0,99.0,61.0,348.0
2001012163,KGMB170140,Saphi Nangsanbha Kharmawlong,100.0,82.0,89.0,61.0,332.0
2001012164,KGMB170193,Neha Verma,108.0,94.0,106.0,68.0,376.0
2001012148,KGMB170041,Anurag Kumar,113.0,104.0,106.0,64.0,387.0
2001012155,KGMB170020,Akshaya Raj,105.0,93.0,111.0,66.0,375.0
2001012162,KGMB170111,Shivam Singh,107.0,91.0,100.0,66.0,364.0
2001012168,KGMB170134,Rohit Yadav,99.0,89.0,84.0,60.0,332.0
2001012142,KGMB170038,Ankita Kumari,111.0,98.0,108.0,67.0,384.0
2001012169,KGMB170062,Daaman Gandhi,109.0,107.0,112.0,66.0,394.0
2001012159,KGMB170221,Varsha,114.0,107.0,109.0,71.0,401.0
2001012170,KGMB170169,Lalawmpuia,103.0,96.0,92.0,63.0,354.0
2001012145,KGMB170149,Piyush Sapra,102.0,85.0,95.0,64.0,346.0
2001012173,KGMB170241,Anil Kumar,100.0,86.0,88.0,62.0,336.0
2001012151,KGMB170168,Kundan Kumar,102.0,85.0,93.0,57.0,337.0
2001012165,KGMB170180,Mohd Imran,101.0,94.0,103.0,67.0,365.0
2001012147,KGMB170199,Shubham Rawat,111.0,103.0,106.0,68.0,388.0
2001012166,KGMB170185,Naveen Verma,107.0,97.0,97.0,66.0,367.0
2001012174,KGMB170204,Sourabh Parmar,105.0,104.0,106.0,67.0,382.0
2001012175,KGMB170011,Aditi Chandra,117.0,115.0,119.0,70.0,421.0
2001012176,KGMB170112,Shivani P Rawat,106.0,103.0,101.0,65.0,375.0
2001012157,KGMB170121,Priyanshi Rajput,106.0,89.0,96.0,66.0,357.0
2001012177,KGMB170179,Mohd Ikramuddin,109.0,113.0,117.0,67.0,406.0
2001012178,KGMB170067,Devanshi Agrawal,109.0,106.0,104.0,66.0,385.0
2001012167,KGMB170240,Shruti Chandra Srivastava,112.0,99.0,108.0,65.0,384.0
2001012180,KGMB170183,Mukesh Kumar,96.0,78.0,77.0,53.0,304.0
2001012185,KGMB170195,Shobhit Kumar,115.0,104.0,118.0,68.0,405.0
2001012187,KGMB170110,Shivam Pandey,107.0,98.0,102.0,62.0,369.0
2001012183,KGMB170155,Nripendra Vats Baghel,111.0,103.0,99.0,64.0,377.0
2001012172,KGMB170055,Atul Saxena,97.0,98.0,89.0,65.0,349.0
2001012171,KGMB170105,Shantanu Shandilya,100.0,85.0,86.0,65.0,336.0
2001012194,KGMB170049,Aryan Kumar Gupta,97.0,98.0,101.0,62.0,358.0
2001012193,KGMB170023,Alok Verma,98.0,93.0,92.0,58.0,341.0
2001012195,KGMB170158,Nimish Sharma,105.0,101.0,109.0,61.0,376.0
2001012181,KGMB170188,Neetu Singh,109.0,94.0,101.0,62.0,366.0
2001012192,KGMB170139,Sandeep,109.0,96.0,104.0,61.0,370.0
2001012182,KGMB170075,Divya Julka,108.0,103.0,109.0,69.0,389.0
2001012184,KGMB170066,Deva Singh Kushwaha,104.0,77.0,90.0,55.0,326.0
2001012196,KGMB170051,Ashi Prakash,116.0,106.0,102.0,69.0,393.0
2001012201,KGMB170219,Utkarsh Gangwar,99.0,92.0,106.0,60.0,357.0
2001012188,KGMB170019,Akhilesh Rakshit,113.0,104.0,105.0,66.0,388.0
2001012203,KGMB170003,Abhay Chandra Pandey,106.0,99.0,108.0,59.0,372.0
2001012191,KGMB170207,Sudhir Kumar Chaudhary,105.0,113.0,102.0,63.0,383.0
2001012206,KGMB170099,Saurabh Kumar Srivastava,100.0,102.0,105.0,58.0,365.0
2001012208,KGMB170046,Arjumand Faruqi,119.0,102.0,100.0,70.0,391.0
2001012197,KGMB170026,Aman Kumar,104.0,89.0,99.0,60.0,352.0
2001012211,KGMB170098,Saurabh Kumar,106.0,93.0,99.0,53.0,351.0
2001012189,KGMB170206,Subham Tripathi,103.0,99.0,102.0,64.0,368.0
2001012204,KGMB160191,Shalabh Yadav,98.0,79.0,80.0,47.0,304.0
2001012202,KGMB170144,Pradeep Kushwaha,102.0,87.0,102.0,51.0,342.0
2001012207,KGMB170153,Pankaj Gupta,107.0,89.0,109.0,60.0,365.0
2001012213,KGMB170012,Aditi Mishra,109.0,96.0,100.0,62.0,367.0
2001012209,KGMB170203,Somya Singh,112.0,101.0,104.0,63.0,380.0
2001012216,KGMB170189,Neha Bharti,106.0,90.0,102.0,59.0,357.0
2001012199,KGMB170106,Shashank Sahu,106.0,101.0,110.0,65.0,382.0
2001012200,KGMB170133,Rohit Kumar,87.0,79.0,84.0,58.0,308.0
2001012215,KGMB170050,Ashcharya Gupta,108.0,103.0,111.0,57.0,379.0
2001012210,KGMB170091,Ipsita Singh,112.0,100.0,111.0,63.0,386.0
2001012218,KGMB170191,Neha Rani,115.0,111.0,109.0,65.0,400.0
2001012212,KGMB170217,Uday Pratap Singh,110.0,101.0,105.0,61.0,377.0
2001012221,KGMB170173,Mansi Nayak,114.0,105.0,110.0,64.0,393.0
2001012223,KGMB170164,Khadija Aamir,123.0,113.0,113.0,65.0,414.0
2001012224,KGMB170157,Nitesh Kumar Gupta,117.0,106.0,110.0,67.0,400.0
2001012226,KGMB170039,Anubhav Prajapati,106.0,93.0,102.0,62.0,363.0
2001012227,KGMB170154,Om Prakash Yadav,99.0,87.0,94.0,57.0,337.0
2001012222,KGMB170006,Abhishek Kumar,107.0,105.0,107.0,57.0,376.0
2001012230,KGMB170053,Asra Mehwish,117.0,105.0,118.0,71.0,411.0
2001012214,KGMB170042,Anurag Patel,102.0,95.0,100.0,60.0,357.0
2001012231,KGMB170035,Ankit Gupta,118.0,110.0,108.0,62.0,398.0
2001012232,KGMB170119,Preeti Verma,104.0,98.0,109.0,58.0,369.0
2001012233,KGMB170005,Abhishek Kaushal,109.0,96.0,105.0,66.0,376.0
2001012235,KGMB170146,Prabhav Mishra,114.0,109.0,115.0,68.0,406.0
2001012236,KGMB170123,Rajat Kumar Yadav,98.0,90.0,98.0,61.0,347.0
2001012220,KGMB170182,Mohd Zafar Husain,110.0,97.0,105.0,60.0,372.0
2001012239,KGMB170237,Yogesh Mohan,96.0,87.0,96.0,61.0,340.0
2001012241,KGMB170079,Gaurav Verma,113.0,112.0,107.0,66.0,398.0
2001012242,KGMB170138,Sagar Rai,118.0,105.0,108.0,69.0,400.0
2001012243,KGMB050071,Kamal Kumar Rawat,0,49.0,53.0,0,102.0
2001012244,KGMB170178,Mohd Danish,108.0,101.0,113.0,59.0,381.0
2001012217,KGMB170064,Deepak Yadav,94.0,87.0,91.0,57.0,329.0
2001012234,KGMB170210,Surayya Akhter,94.0,84.0,80.0,50.0,308.0
2001012219,KGMB170174,Mayank Muskan,116.0,101.0,114.0,65.0,396.0
2001012237,KGMB170126,Ravi Verma,93.0,89.0,87.0,55.0,324.0
2001012225,KGMB170224,Vidushi Verma,112.0,112.0,115.0,65.0,404.0
2001012238,KGMB170227,Vinod Kumar,99.0,95.0,103.0,61.0,358.0
